<?xml version="1.0" encoding="UTF-8" ?>
<!DOCTYPE log4j:configuration SYSTEM "log4j.dtd">
<log4j:configuration xmlns:log4j="http://jakarta.apache.org/log4j/">
  <appender name="CONSOLE" class="org.apache.log4j.ConsoleAppender"> 
    <layout class="org.apache.log4j.PatternLayout"> 
      <!-- Pattern to output the caller's file name and line number -->
      <param name="ConversionPattern" value="%5p %d{h:mm a}  %M - %m%n"/> 
    </layout> 
  </appender> 
  <appender name="LOGFILE" class="org.apache.log4j.RollingFileAppender"> 
    <param name="file" value="./Log.log"/>
    <!-- <param name="MaxFileSize" value="100KB"/> -->
    <!-- Keep one backup file -->
    <param name="MaxBackupIndex" value="1"/>
    <layout class="org.apache.log4j.PatternLayout"> 
      <param name="ConversionPattern" value="-%n - %M - %C{1} - %p - %m  - %d{dd-MM-yyyy HH:mm:ss}"/> 
    </layout> 
  </appender> 
  <root> 
    <priority value ="info" /> 
    <appender-ref ref="CONSOLE" /> 
    <appender-ref ref="LOGFILE" /> 
  </root>
</log4j:configuration>
