<?xml version="1.0" encoding="UTF-8"?>
<extentreports>
	<configuration>
		<theme>standard</theme>
		<encoding>UTF-8</encoding>
		<protocol>https</protocol>
		<documentTitle>ExtentReports</documentTitle>
		<reportName>TestNG : Report</reportName>
		<reportHeadline></reportHeadline>
		<dateFormat>dd-MM-yyyy</dateFormat>
		<timeFormat>HH:mm:ss</timeFormat>
		<!-- custom javascript -->
        <scripts>
            <![CDATA[
                $(document).ready(function() {
                    
                });
            ]]>
        </scripts>
        
        <!-- custom styles -->
        <styles>
            <![CDATA[
                
            ]]>
        </styles>
	</configuration>
</extentreports>